{"file_hashes":[{"block_hashes":["UnUGGfPDuOpYoWZniSF+yuMikpBFBD/kezB+qz7AlfY="],"block_size":4096,"path":"Makefile"},{"block_hashes":["N22c7gBqXA8RzT+Vrj8DgB2T1A+E0HCUDf/5TRgfeg4="],"block_size":4096,"path":"background.html"},{"block_hashes":["7W4FAazeVRRNHdaP4as377j/S5g09awBPxpkaH435Ts="],"block_size":4096,"path":"background.js"},{"block_hashes":["7JjhbV7KzBOkC2El6QlgRM+dXenGvYE6mEttbhvUQTM="],"block_size":4096,"path":"bar.css"},{"block_hashes":["lxtEi8ARXnOp5BZZPWY3YQ7Dxlwsx0vumL2Fp85AB3U="],"block_size":4096,"path":"bar.html"},{"block_hashes":["SJfGB5yxBYALxdtCVHIJ7hqyxmpcCZemwBgsDnDcQ+Y="],"block_size":4096,"path":"bar.js"},{"block_hashes":["3TXXxsNwyryjXyCbfqQFF3yJZBPbakNqY/XACcAdO7k="],"block_size":4096,"path":"content.css"},{"block_hashes":["JgXOscRPkxVTK8H0UsxqOmfS2DhUv54yIg5GKo6Mjtc=","/46kL5S4BSeHaqek/UIjH+NQKDE0e9vpVJakMToU8JE="],"block_size":4096,"path":"content.js"},{"block_hashes":["ZsqAqAyHXxiy+Yr79NHJ9cBkypOLa8QGGar4wGVdluw="],"block_size":4096,"path":"gallery/description.txt"},{"block_hashes":["jCmWi9AG3bgOZoAw8OIYMVVOVjVQ0F/Ppu0RPgYp9/g=","oKax2OPKy8jwpHK2Ulc4r6pugBwgCkL3IoCnstfsUrY=","KJXQicloSwxzC5OxpQqL4sWXu4TL/juLUuhP2eh9ar4=","AgZ01TlAUke8v1JfkG0H3a/jEAbyrXM8vbdLGGqX+sE="],"block_size":4096,"path":"gallery/promo_440x280.png"},{"block_hashes":["fy7z1VPAfPFsc0i00OCz9T5u/y/CCHzkil5LrEsMwcQ=","E+ek5wimVILizb9wiwWZ7QH7FkmJakHJvb5MrsIwxoA=","+ooukPZr8EO4wm8FbiTuW1vUsnx1PdbLQ1SsGHcYYuc=","Jmzs4pAZKa+PLcbSO8EnpdURb++cLq6sGc0aOU2qAjI=","shUVEN1KONGOzsykXXwshD+P3Q5n3Qwt75yOFgZjFiw=","1CxyNzK2CGLC3AWXh7AoY+47NZ5N49PK8xhcuQ92DpM=","t21BEcuNMWWGdzmRRL7uccjoerHHr2HExtNJDscacMA=","uo+MXcm+fKllZ5KLVi+j2R6XSXlArR/lYhrrHiPn0GU=","2BVWsQzqAVVx7CWYpYErok3fYNyPlpipTrbDH3ulfHc=","zXkPTGhqkicsbfgGu6JHQcTaUkv1X87EFuU42a4Sn80=","HWWWbwxHXfYKlMvfxjPmQg6yDvejY7d6I5Zo0J1kRwU=","/LfWX+zALbWd0WciYhWvqXW6/bWRv+XS/k3ndcbfB7w=","xeoiIDRLacNHdDv+CSSDodRdlAOly6QB74LX8A+VQiY=","ne+EcVHPGfQbiuiLZjZdaZvlx2aY52mQ57ON3esBGVY=","+Xoa1+9OgiELdGRIiYK/MW3qT1N9ew4s75W6irRrxZ0=","b6hPVwSxGl0G9Kcp0xvD8VL91kGnoyrynquGsNtbUuY=","3TXyEnf76E7cDpOv3jq+5VIbgNUPRjze6EZJb/wuEas=","HV3aycKWQtGFi+yN5LXo4qKCCakQR5ZNQ4VDHMGKrOs=","3/X6uWFcR1K61oHdudpupQNYVtoo0AItD5OFCSLOzpU=","C+gQSJTcFsavNu0vnoJ/Aj7Jpr5/MATOyyGMhYdlRhY=","kjCgJnyZcXnt8K3P8WMbbSN0Koq2olBW3HkbnlE4AGA=","fmBX5E7+HaEVaCdTLV/n1oMeiYAHiKrH0Zljl2GMefo=","DagUEaaA50LOA7Vb7uSQnYDjvMM0CROoA4mrE+6jczQ=","8k23WtAn0MN0V7z6MwOodvYXuUnSczqo0aP1Ods/Sx4=","EyFZRNd9DNixNETWlR8hniJ3E2qe07mIs9h9FwkCtPo=","6crvhRYFSixW+rSNq6VCc+17swS5bJbPff2qoSgU2m4=","t58SKY8o9vIL1Jy4UycATe/Cs+dRL1l3fcH2pNcQ0+Q=","0iXoYZHrDykKLE1GvbIvg7Crj5E5sdHqAttJVyF6XwE=","a1DmQ58GmULK1uiAfpqn/yWmTtKLa6zrzq5fGZpcrdk=","up+65IYNjxxZ9t6SMld1jPJubn3JfprL1Gn9xcHNU50=","C18rb8achOK8uCk77rdcUMyeTOUWWApVjjHZF4xfBHI=","T7D5wQ2deLPCvRiirPZcAWuV4qI/64kG3S4D4dZsEqs=","focHbG3Ff2BaXqNwDCEU2fealmRKMSNx9f/8djP692c=","I57n3qcYpkFgN3akX5pazprwNGvMNdlL6/kQyB6Vk44=","5WwjR4Db/DvwIBF+tS8H3ETmrXpZs/HP/gf0jK9/0z8="],"block_size":4096,"path":"gallery/screenshot_640x400.png"},{"block_hashes":["DFf31ZJ62oY1RYKAmWV33YI3IKovUd8GXIqUVJo3C2k=","xUZf8QWAH1vmTETaJ1nyz/d5YZ4K0lDxRxW5ASomub8=","m3/oR8lUb99eNCnrrdqmmXAzU89jxg8TCXocrS0ETZE=","iAAUWMo0LPy0xFEvxutaV+Vey+NEITeuvK+z3R104sc=","gjZuFFomNPxAKxUtImNIaQsotJ3OXQHJnAI7GAOopG0=","9TRkcyLmNfbJ3AqzaGFiPTj6diqFPWYRdwQLqWqeo+c=","P91pP+jWjeRtQnzfUjUrvkRAgv7SypsFvMY5ZhZW6QI=","0tyW2pqCAn3qLGGYKfshSHjBOzdRsHfe7JC4LB+B3Lg=","noBefy6rANrMSc5ls6MMvfsEML9gDyfSBrPN/i4Rg1s=","UHkJ9OVe/PA4Z6ay2Xvx6X+85wXUQt2WPHDDCESBuyg=","2fl8Ulg7EoBif6MmybPsup5PSRS4Z3b4+z5PunftJoc=","JZzTfYI1mqOhtZ6fPjlrpycEHp8NI5QrScgPkwBamaw=","DmxhEoOBv2p165GTRwfIRDLtm9mNuxnyp5pLS/3cvCA=","5PYDYIvgg3b7x07cMnI/Pf3eTtgnh1EXruYGiU516gA=","5FXnj1hAe7njpX+oO6QPzEsbBjvjjZYYTz1Xnt+9ZLg=","tkefzcdHQBj94xtFyzObNjaY//rHoYl7WiCW4fT4eVM="],"block_size":4096,"path":"images/IndieFlower.ttf"},{"block_hashes":["qiEr5M5I7/UqvHXNe+LzXDLwhBmsAMHoiAR4z8Tmoak="],"block_size":4096,"path":"images/icon.svg"},{"block_hashes":["zs4/Yy82tiFHFuPIYApvKrE8JU9fnT/8/2htevLlccU=","ITzDqSeZFRHZ3IRQMLBc+qYBIg3l0sn7UQ7foW9T214=","WO8s7W0afwlLZVGh2pLHgoX+DO1KbGiDhBWklZ2nvfE=","5lKOWm+bIEQ92AIa1LZawmMwKmGFVd5QPO2IsQfkWV4=","6SdwVvl/b5hXJUIGslHGBadKrEcbAHYb4wyn/VCaEh0=","GaWp0IPNWPDDtDUUxosRFQ7DgIj++BEbgk8/DMcnrps=","qdwjLYGXV1ItBqKFJ3lupL32uQmcaE5BfAGz5UZBgcw=","rnhHKIOQdxc9LuT3Zo/eEIgTA+iLEH1WRylpMyBabks=","zwz204OvKE83HboSCPQqRp0N0zv2mpoms5xoJfWDWvw=","zZPkElelZAGCJ6PTlScFq7T9IjPQ13+jbaa+gJ6RzzE=","+GhvnBSCzbaH+b52QO07lJoTOE7PNbAoHuRzszr3zWQ=","M+JAgDwr0/zoqP/bl4fil5awJv0QvFv6vcGQBY/iIbc=","oH5Gdl3bS+6H44IZxu/HeLJC5HtKC40Khcn5V+fw1Mk=","djjW5Blwfqd2IheLmwgj5AoYXSYyXdXu6/RFpiK10ug=","NUeZgIt2qp5eNCfLjtczGVqDcSJ5slR/wiTYTgW/2G0=","NO4+mFfCsqfSkR059Ywapi99sVQwYc92Z2Z5RzeAKwE=","uU9a0Y/dNLqCc9i8RN3rQjbzvMQrrXqk47uX0Qgu7Yg=","DXkjGWdYMH+Gu4BNZNw+9cZrxq5mCTYCbEba/UVff8I=","05SuV/e4p2DwhYxBWEUI4rI0M49jZnwalBMWGYlRro8=","NwpEWIg2ywPteFH32LMQLuA0OVpUZ7W3wc/bhUE92ts=","bVSa6LPHGp+6k5XI2Yrd7Vnpnl68J/YnD3g5gjHHaa8="],"block_size":4096,"path":"images/icon_base64.svg"},{"block_hashes":["eS6AMZ0l1QrfypkCdB6LmDymTbE7RVNeOSQR+wLf3SQ="],"block_size":4096,"path":"images/index.html"},{"block_hashes":["Pe69UEw85Lfnk3qE7GDfUSO8M5seXHBme0DKb13EZMg="],"block_size":4096,"path":"images/index.js"},{"block_hashes":["dPCQqhcVRiuy3qIOM1oIxiwTQ9ATFx2wnPogExGn+v0="],"block_size":4096,"path":"images/promo.svg"},{"block_hashes":["ZzzqLkj0BnQc5fghloKI1en3pKAGSLULVYasdW9kcvk="],"block_size":4096,"path":"package.json"}],"version":2}